{"frames": {

"armor.png":
{
	"frame": {"x":230,"y":1,"w":117,"h":114},
	"rotated": false,
	"trimmed": true,
	"spriteSourceSize": {"x":0,"y":5,"w":117,"h":114},
	"sourceSize": {"w":128,"h":128},
	"pivot": {"x":0.5,"y":0.5},
	"vertices": [ [91,9], [91,119], [35,92], [34,36], [54,5], [39,117], [33,117], [33,114], [39,114], [18,117], [14,117], [14,114], [18,114], [117,59], [113,59], [113,55], [117,55], [0,57], [0,49], [15,49] ],
	"verticesUV": [ [321,5], [321,115], [265,88], [264,32], [284,1], [269,113], [263,113], [263,110], [269,110], [248,113], [244,113], [244,110], [248,110], [347,55], [343,55], [343,51], [347,51], [230,53], [230,45], [245,45] ],
	"triangles": [ [2,0,1], [2,3,0], [0,3,4], [6,7,8], [5,6,8], [10,11,12], [9,10,12], [14,15,16], [13,14,16], [17,18,19] ]
},
"axe.png":
{
	"frame": {"x":114,"y":382,"w":111,"h":125},
	"rotated": false,
	"trimmed": true,
	"spriteSourceSize": {"x":4,"y":1,"w":111,"h":125},
	"sourceSize": {"w":128,"h":128},
	"pivot": {"x":0.5,"y":0.5},
	"vertices": [ [82,126], [77,126], [77,120], [82,120], [71,2], [115,23], [99,38], [115,71], [106,125], [58,95], [52,113], [4,48], [11,14], [45,1] ],
	"verticesUV": [ [192,507], [187,507], [187,501], [192,501], [181,383], [225,404], [209,419], [225,452], [216,506], [168,476], [162,494], [114,429], [121,395], [155,382] ],
	"triangles": [ [1,2,3], [0,1,3], [11,12,13], [9,10,11], [9,11,13], [7,8,9], [6,7,9], [6,9,13], [4,5,6], [4,6,13] ]
},
"axe2.png":
{
	"frame": {"x":2,"y":118,"w":122,"h":125},
	"rotated": false,
	"trimmed": true,
	"spriteSourceSize": {"x":0,"y":3,"w":122,"h":125},
	"sourceSize": {"w":128,"h":128},
	"pivot": {"x":0.5,"y":0.5},
	"vertices": [ [79,128], [71,120], [79,120], [96,17], [80,61], [119,97], [97,119], [13,71], [0,19], [54,3], [122,73], [118,73], [118,70], [122,70] ],
	"verticesUV": [ [81,243], [73,235], [81,235], [98,132], [82,176], [121,212], [99,234], [15,186], [2,134], [56,118], [124,188], [120,188], [120,185], [124,185] ],
	"triangles": [ [0,1,2], [7,8,9], [4,6,7], [4,5,6], [4,7,9], [3,4,9], [11,12,13], [10,11,13] ]
},
"axeDouble.png":
{
	"frame": {"x":211,"y":218,"w":109,"h":107},
	"rotated": false,
	"trimmed": true,
	"spriteSourceSize": {"x":8,"y":7,"w":109,"h":107},
	"sourceSize": {"w":128,"h":128},
	"pivot": {"x":0.5,"y":0.5},
	"vertices": [ [117,100], [103,114], [8,83], [8,33], [38,10], [84,7], [105,57], [105,50], [112,50] ],
	"verticesUV": [ [320,311], [306,325], [211,294], [211,244], [241,221], [287,218], [308,268], [308,261], [315,261] ],
	"triangles": [ [2,4,5], [2,3,4], [1,2,5], [0,1,5], [6,7,8] ]
},
"axeDouble2.png":
{
	"frame": {"x":218,"y":323,"w":116,"h":113},
	"rotated": false,
	"trimmed": true,
	"spriteSourceSize": {"x":6,"y":8,"w":116,"h":113},
	"sourceSize": {"w":128,"h":128},
	"pivot": {"x":0.5,"y":0.5},
	"vertices": [ [122,121], [7,82], [7,31], [40,10], [81,8], [9,103], [6,103], [6,100], [9,100], [109,54], [105,54], [105,50], [109,50] ],
	"verticesUV": [ [334,436], [219,397], [219,346], [252,325], [293,323], [221,418], [218,418], [218,415], [221,415], [321,369], [317,369], [317,365], [321,365] ],
	"triangles": [ [1,3,4], [1,2,3], [0,1,4], [6,7,8], [5,6,8], [10,11,12], [9,10,12] ]
},
"backpack.png":
{
	"frame": {"x":535,"y":1,"w":85,"h":100},
	"rotated": false,
	"trimmed": true,
	"spriteSourceSize": {"x":27,"y":13,"w":85,"h":100},
	"sourceSize": {"w":128,"h":128},
	"pivot": {"x":0.5,"y":0.5},
	"vertices": [ [112,75], [74,113], [27,92], [27,40], [70,13] ],
	"verticesUV": [ [620,63], [582,101], [535,80], [535,28], [578,1] ],
	"triangles": [ [2,0,1], [2,3,0], [0,3,4] ]
},
"bow.png":
{
	"frame": {"x":450,"y":12,"w":82,"h":110},
	"rotated": false,
	"trimmed": true,
	"spriteSourceSize": {"x":21,"y":12,"w":82,"h":110},
	"sourceSize": {"w":128,"h":128},
	"pivot": {"x":0.5,"y":0.5},
	"vertices": [ [103,22], [103,93], [31,122], [21,28], [55,27], [83,12] ],
	"verticesUV": [ [532,22], [532,93], [460,122], [450,28], [484,27], [512,12] ],
	"triangles": [ [2,3,4], [0,1,4], [1,2,4], [0,4,5] ]
},
"coin.png":
{
	"frame": {"x":586,"y":84,"w":87,"h":69},
	"rotated": false,
	"trimmed": true,
	"spriteSourceSize": {"x":30,"y":35,"w":87,"h":69},
	"sourceSize": {"w":128,"h":128},
	"pivot": {"x":0.5,"y":0.5},
	"vertices": [ [117,66], [107,104], [72,100], [30,50], [64,35] ],
	"verticesUV": [ [673,115], [663,153], [628,149], [586,99], [620,84] ],
	"triangles": [ [2,3,4], [0,1,2], [0,2,4] ]
},
"dagger.png":
{
	"frame": {"x":685,"y":56,"w":52,"h":87},
	"rotated": false,
	"trimmed": true,
	"spriteSourceSize": {"x":37,"y":20,"w":52,"h":87},
	"sourceSize": {"w":128,"h":128},
	"pivot": {"x":0.5,"y":0.5},
	"vertices": [ [89,54], [89,107], [37,94], [38,38], [43,23], [40,23], [40,20], [43,20] ],
	"verticesUV": [ [737,90], [737,143], [685,130], [686,74], [691,59], [688,59], [688,56], [691,56] ],
	"triangles": [ [0,1,2], [0,2,3], [5,6,7], [4,5,7] ]
},
"envelope.png":
{
	"frame": {"x":448,"y":306,"w":91,"h":86},
	"rotated": false,
	"trimmed": true,
	"spriteSourceSize": {"x":22,"y":23,"w":91,"h":86},
	"sourceSize": {"w":128,"h":128},
	"pivot": {"x":0.5,"y":0.5},
	"vertices": [ [113,67], [76,109], [22,62], [46,23] ],
	"verticesUV": [ [539,350], [502,392], [448,345], [472,306] ],
	"triangles": [ [0,1,2], [0,2,3] ]
},
"gemBlue.png":
{
	"frame": {"x":947,"y":1,"w":64,"h":48},
	"rotated": false,
	"trimmed": true,
	"spriteSourceSize": {"x":30,"y":40,"w":64,"h":48},
	"sourceSize": {"w":128,"h":128},
	"pivot": {"x":0.5,"y":0.5},
	"vertices": [ [94,45], [81,88], [44,85], [30,67], [60,40] ],
	"verticesUV": [ [1011,6], [998,49], [961,46], [947,28], [977,1] ],
	"triangles": [ [2,3,4], [1,2,4], [0,1,4] ]
},
"gemGreen.png":
{
	"frame": {"x":506,"y":290,"w":64,"h":48},
	"rotated": false,
	"trimmed": true,
	"spriteSourceSize": {"x":30,"y":40,"w":64,"h":48},
	"sourceSize": {"w":128,"h":128},
	"pivot": {"x":0.5,"y":0.5},
	"vertices": [ [94,45], [81,88], [44,85], [30,67], [60,40] ],
	"verticesUV": [ [570,295], [557,338], [520,335], [506,317], [536,290] ],
	"triangles": [ [2,3,4], [1,2,4], [0,1,4] ]
},
"gemRed.png":
{
	"frame": {"x":247,"y":108,"w":64,"h":48},
	"rotated": false,
	"trimmed": true,
	"spriteSourceSize": {"x":30,"y":40,"w":64,"h":48},
	"sourceSize": {"w":128,"h":128},
	"pivot": {"x":0.5,"y":0.5},
	"vertices": [ [94,45], [81,88], [44,85], [30,67], [60,40] ],
	"verticesUV": [ [311,113], [298,156], [261,153], [247,135], [277,108] ],
	"triangles": [ [2,3,4], [1,2,4], [0,1,4] ]
},
"hammer.png":
{
	"frame": {"x":316,"y":354,"w":106,"h":118},
	"rotated": false,
	"trimmed": true,
	"spriteSourceSize": {"x":11,"y":0,"w":106,"h":118},
	"sourceSize": {"w":128,"h":128},
	"pivot": {"x":0.5,"y":0.5},
	"vertices": [ [108,28], [83,53], [117,74], [102,118], [85,112], [54,71], [24,65], [11,22], [40,6], [80,0], [56,114], [47,105], [56,105] ],
	"verticesUV": [ [413,382], [388,407], [422,428], [407,472], [390,466], [359,425], [329,419], [316,376], [345,360], [385,354], [361,468], [352,459], [361,459] ],
	"triangles": [ [1,8,9], [6,7,8], [5,6,8], [1,4,5], [2,3,4], [1,2,4], [1,5,8], [0,1,9], [10,11,12] ]
},
"heart.png":
{
	"frame": {"x":740,"y":94,"w":66,"h":62},
	"rotated": false,
	"trimmed": true,
	"spriteSourceSize": {"x":31,"y":35,"w":66,"h":62},
	"sourceSize": {"w":128,"h":128},
	"pivot": {"x":0.5,"y":0.5},
	"vertices": [ [97,97], [31,97], [31,35], [97,35] ],
	"verticesUV": [ [806,156], [740,156], [740,94], [806,94] ],
	"triangles": [ [1,2,3], [0,1,3] ]
},
"helmet.png":
{
	"frame": {"x":828,"y":1,"w":61,"h":84},
	"rotated": false,
	"trimmed": true,
	"spriteSourceSize": {"x":32,"y":23,"w":61,"h":84},
	"sourceSize": {"w":128,"h":128},
	"pivot": {"x":0.5,"y":0.5},
	"vertices": [ [93,29], [93,88], [67,107], [37,90], [32,42], [49,23] ],
	"verticesUV": [ [889,7], [889,66], [863,85], [833,68], [828,20], [845,1] ],
	"triangles": [ [3,1,2], [3,4,1], [0,1,4], [0,4,5] ]
},
"map.png":
{
	"frame": {"x":456,"y":211,"w":84,"h":102},
	"rotated": false,
	"trimmed": true,
	"spriteSourceSize": {"x":20,"y":16,"w":84,"h":102},
	"sourceSize": {"w":128,"h":128},
	"pivot": {"x":0.5,"y":0.5},
	"vertices": [ [104,90], [56,118], [20,46], [82,16] ],
	"verticesUV": [ [540,285], [492,313], [456,241], [518,211] ],
	"triangles": [ [0,2,3], [0,1,2] ]
},
"potionBlue.png":
{
	"frame": {"x":228,"y":403,"w":73,"h":85},
	"rotated": false,
	"trimmed": true,
	"spriteSourceSize": {"x":34,"y":21,"w":73,"h":85},
	"sourceSize": {"w":128,"h":128},
	"pivot": {"x":0.5,"y":0.5},
	"vertices": [ [71,39], [107,82], [71,106], [37,64], [34,21] ],
	"verticesUV": [ [265,421], [301,464], [265,488], [231,446], [228,403] ],
	"triangles": [ [0,1,2], [0,2,3], [0,3,4] ]
},
"potionGreen.png":
{
	"frame": {"x":555,"y":92,"w":73,"h":85},
	"rotated": false,
	"trimmed": true,
	"spriteSourceSize": {"x":34,"y":21,"w":73,"h":85},
	"sourceSize": {"w":128,"h":128},
	"pivot": {"x":0.5,"y":0.5},
	"vertices": [ [71,39], [107,82], [71,106], [37,64], [34,21] ],
	"verticesUV": [ [592,110], [628,153], [592,177], [558,135], [555,92] ],
	"triangles": [ [0,1,2], [0,2,3], [0,3,4] ]
},
"potionRed.png":
{
	"frame": {"x":424,"y":413,"w":73,"h":85},
	"rotated": false,
	"trimmed": true,
	"spriteSourceSize": {"x":34,"y":21,"w":73,"h":85},
	"sourceSize": {"w":128,"h":128},
	"pivot": {"x":0.5,"y":0.5},
	"vertices": [ [71,39], [107,82], [71,106], [37,64], [34,21] ],
	"verticesUV": [ [461,431], [497,474], [461,498], [427,456], [424,413] ],
	"triangles": [ [0,1,2], [0,2,3], [0,3,4] ]
},
"scroll.png":
{
	"frame": {"x":892,"y":1,"w":67,"h":77},
	"rotated": false,
	"trimmed": true,
	"spriteSourceSize": {"x":27,"y":21,"w":67,"h":77},
	"sourceSize": {"w":128,"h":128},
	"pivot": {"x":0.5,"y":0.5},
	"vertices": [ [94,67], [94,91], [41,98], [27,61], [43,21] ],
	"verticesUV": [ [959,47], [959,71], [906,78], [892,41], [908,1] ],
	"triangles": [ [2,0,1], [2,3,0], [0,3,4] ]
},
"shield.png":
{
	"frame": {"x":384,"y":213,"w":86,"h":115},
	"rotated": false,
	"trimmed": true,
	"spriteSourceSize": {"x":19,"y":6,"w":86,"h":115},
	"sourceSize": {"w":128,"h":128},
	"pivot": {"x":0.5,"y":0.5},
	"vertices": [ [105,69], [90,121], [41,97], [19,37], [75,6] ],
	"verticesUV": [ [470,276], [455,328], [406,304], [384,244], [440,213] ],
	"triangles": [ [0,3,4], [0,1,2], [0,2,3] ]
},
"shieldSmall.png":
{
	"frame": {"x":686,"y":1,"w":76,"h":89},
	"rotated": false,
	"trimmed": true,
	"spriteSourceSize": {"x":23,"y":21,"w":76,"h":89},
	"sourceSize": {"w":128,"h":128},
	"pivot": {"x":0.5,"y":0.5},
	"vertices": [ [99,58], [95,110], [40,96], [23,44], [82,21] ],
	"verticesUV": [ [762,38], [758,90], [703,76], [686,24], [745,1] ],
	"triangles": [ [0,3,4], [0,1,2], [0,2,3] ]
},
"sword.png":
{
	"frame": {"x":252,"y":159,"w":101,"h":100},
	"rotated": false,
	"trimmed": true,
	"spriteSourceSize": {"x":8,"y":19,"w":101,"h":100},
	"sourceSize": {"w":128,"h":128},
	"pivot": {"x":0.5,"y":0.5},
	"vertices": [ [109,66], [109,119], [51,96], [51,84], [8,19], [50,19] ],
	"verticesUV": [ [353,206], [353,259], [295,236], [295,224], [252,159], [294,159] ],
	"triangles": [ [3,4,5], [0,1,2], [0,2,3], [0,3,5] ]
},
"swordWood.png":
{
	"frame": {"x":1,"y":417,"w":82,"h":92},
	"rotated": false,
	"trimmed": true,
	"spriteSourceSize": {"x":24,"y":12,"w":82,"h":92},
	"sourceSize": {"w":128,"h":128},
	"pivot": {"x":0.5,"y":0.5},
	"vertices": [ [95,56], [106,104], [67,102], [26,61], [24,12] ],
	"verticesUV": [ [72,461], [83,509], [44,507], [3,466], [1,417] ],
	"triangles": [ [0,1,2], [0,2,3], [0,3,4] ]
},
"tome.png":
{
	"frame": {"x":315,"y":245,"w":92,"h":110},
	"rotated": false,
	"trimmed": true,
	"spriteSourceSize": {"x":17,"y":9,"w":92,"h":110},
	"sourceSize": {"w":128,"h":128},
	"pivot": {"x":0.5,"y":0.5},
	"vertices": [ [109,85], [59,119], [27,90], [17,45], [84,9] ],
	"verticesUV": [ [407,321], [357,355], [325,326], [315,281], [382,245] ],
	"triangles": [ [0,3,4], [0,2,3], [0,1,2] ]
},
"tools.png":
{
	"frame": {"x":432,"y":118,"w":98,"h":96},
	"rotated": false,
	"trimmed": true,
	"spriteSourceSize": {"x":18,"y":18,"w":98,"h":96},
	"sourceSize": {"w":128,"h":128},
	"pivot": {"x":0.5,"y":0.5},
	"vertices": [ [116,45], [89,67], [89,114], [53,91], [22,107], [18,30], [82,18] ],
	"verticesUV": [ [530,145], [503,167], [503,214], [467,191], [436,207], [432,130], [496,118] ],
	"triangles": [ [1,5,6], [3,4,5], [1,2,3], [1,3,5], [0,1,6] ]
},
"upgShieldSmall.png":
{
	"frame": {"x":601,"y":1,"w":82,"h":86},
	"rotated": false,
	"trimmed": true,
	"spriteSourceSize": {"x":12,"y":14,"w":82,"h":86},
	"sourceSize": {"w":128,"h":128},
	"pivot": {"x":0.5,"y":0.5},
	"vertices": [ [94,92], [45,100], [12,33], [94,14] ],
	"verticesUV": [ [683,79], [634,87], [601,20], [683,1] ],
	"triangles": [ [1,2,3], [0,1,3] ]
},
"upg_armor.png":
{
	"frame": {"x":1,"y":1,"w":127,"h":125},
	"rotated": false,
	"trimmed": true,
	"spriteSourceSize": {"x":0,"y":2,"w":127,"h":125},
	"sourceSize": {"w":128,"h":128},
	"pivot": {"x":0.5,"y":0.5},
	"vertices": [ [91,18], [99,51], [85,127], [39,96], [28,44], [46,17], [36,123], [30,123], [30,120], [36,120], [13,123], [9,123], [9,120], [13,120], [125,103], [122,103], [122,100], [125,100], [127,58], [120,58], [120,51], [3,51], [0,51], [0,48], [3,48], [53,10], [50,10], [50,7], [53,7], [69,9], [65,9], [65,6], [69,6], [78,5], [75,5], [75,2], [78,2] ],
	"verticesUV": [ [92,17], [100,50], [86,126], [40,95], [29,43], [47,16], [37,122], [31,122], [31,119], [37,119], [14,122], [10,122], [10,119], [14,119], [126,102], [123,102], [123,99], [126,99], [128,57], [121,57], [121,50], [4,50], [1,50], [1,47], [4,47], [54,9], [51,9], [51,6], [54,6], [70,8], [66,8], [66,5], [70,5], [79,4], [76,4], [76,1], [79,1] ],
	"triangles": [ [1,4,5], [1,2,3], [1,3,4], [0,1,5], [7,8,9], [6,7,9], [11,12,13], [10,11,13], [15,16,17], [14,15,17], [18,19,20], [22,23,24], [21,22,24], [26,27,28], [25,26,28], [30,31,32], [29,30,32], [34,35,36], [33,34,36] ]
},
"upg_axe.png":
{
	"frame": {"x":132,"y":1,"w":122,"h":121},
	"rotated": false,
	"trimmed": true,
	"spriteSourceSize": {"x":3,"y":7,"w":122,"h":121},
	"sourceSize": {"w":128,"h":128},
	"pivot": {"x":0.5,"y":0.5},
	"vertices": [ [78,128], [75,128], [75,124], [78,124], [94,18], [83,56], [113,122], [92,125], [14,73], [3,42], [37,28], [38,7], [120,109], [117,109], [117,106], [120,106], [125,83], [121,83], [121,80], [125,80] ],
	"verticesUV": [ [207,122], [204,122], [204,118], [207,118], [223,12], [212,50], [242,116], [221,119], [143,67], [132,36], [166,22], [167,1], [249,103], [246,103], [246,100], [249,100], [254,77], [250,77], [250,74], [254,74] ],
	"triangles": [ [1,2,3], [0,1,3], [8,9,10], [5,7,8], [5,6,7], [5,8,10], [4,5,10], [4,10,11], [13,14,15], [12,13,15], [17,18,19], [16,17,19] ]
},
"upg_axeDouble.png":
{
	"frame": {"x":1,"y":231,"w":123,"h":121},
	"rotated": false,
	"trimmed": true,
	"spriteSourceSize": {"x":5,"y":2,"w":123,"h":121},
	"sourceSize": {"w":128,"h":128},
	"pivot": {"x":0.5,"y":0.5},
	"vertices": [ [89,21], [95,56], [128,123], [6,86], [5,25], [62,2], [9,103], [6,103], [6,100], [9,100], [109,54], [105,54], [105,50], [109,50] ],
	"verticesUV": [ [85,250], [91,285], [124,352], [2,315], [1,254], [58,231], [5,332], [2,332], [2,329], [5,329], [105,283], [101,283], [101,279], [105,279] ],
	"triangles": [ [1,4,5], [1,2,3], [1,3,4], [0,1,5], [7,8,9], [6,7,9], [11,12,13], [10,11,13] ]
},
"upg_bow.png":
{
	"frame": {"x":346,"y":131,"w":84,"h":114},
	"rotated": false,
	"trimmed": true,
	"spriteSourceSize": {"x":19,"y":8,"w":84,"h":114},
	"sourceSize": {"w":128,"h":128},
	"pivot": {"x":0.5,"y":0.5},
	"vertices": [ [103,93], [29,122], [30,52], [19,27], [103,8] ],
	"verticesUV": [ [430,216], [356,245], [357,175], [346,150], [430,131] ],
	"triangles": [ [2,3,4], [0,2,4], [0,1,2] ]
},
"upg_dagger.png":
{
	"frame": {"x":323,"y":42,"w":55,"h":84},
	"rotated": false,
	"trimmed": true,
	"spriteSourceSize": {"x":35,"y":20,"w":55,"h":84},
	"sourceSize": {"w":128,"h":128},
	"pivot": {"x":0.5,"y":0.5},
	"vertices": [ [90,51], [90,103], [41,104], [35,39], [43,23], [40,23], [40,20], [43,20] ],
	"verticesUV": [ [378,73], [378,125], [329,126], [323,61], [331,45], [328,45], [328,42], [331,42] ],
	"triangles": [ [0,1,2], [0,2,3], [5,6,7], [4,5,7] ]
},
"upg_hammer.png":
{
	"frame": {"x":348,"y":1,"w":104,"h":125},
	"rotated": false,
	"trimmed": true,
	"spriteSourceSize": {"x":13,"y":2,"w":104,"h":125},
	"sourceSize": {"w":128,"h":128},
	"pivot": {"x":0.5,"y":0.5},
	"vertices": [ [109,29], [83,56], [117,74], [99,127], [54,71], [14,65], [13,24], [45,2], [82,2], [56,114], [47,105], [56,105] ],
	"verticesUV": [ [444,28], [418,55], [452,73], [434,126], [389,70], [349,64], [348,23], [380,1], [417,1], [391,113], [382,104], [391,104] ],
	"triangles": [ [1,7,8], [6,4,5], [6,7,4], [1,2,3], [1,3,4], [1,4,7], [0,1,8], [9,10,11] ]
},
"upg_helmet.png":
{
	"frame": {"x":763,"y":1,"w":64,"h":85},
	"rotated": false,
	"trimmed": true,
	"spriteSourceSize": {"x":32,"y":16,"w":64,"h":85},
	"sourceSize": {"w":128,"h":128},
	"pivot": {"x":0.5,"y":0.5},
	"vertices": [ [96,48], [91,101], [38,101], [32,42], [57,17], [82,16] ],
	"verticesUV": [ [827,33], [822,86], [769,86], [763,27], [788,2], [813,1] ],
	"triangles": [ [0,4,5], [2,0,1], [2,3,0], [0,3,4] ]
},
"upg_shield.png":
{
	"frame": {"x":506,"y":156,"w":92,"h":92},
	"rotated": false,
	"trimmed": true,
	"spriteSourceSize": {"x":16,"y":17,"w":92,"h":92},
	"sourceSize": {"w":128,"h":128},
	"pivot": {"x":0.5,"y":0.5},
	"vertices": [ [108,76], [90,109], [46,108], [16,33], [81,17] ],
	"verticesUV": [ [598,215], [580,248], [536,247], [506,172], [571,156] ],
	"triangles": [ [2,3,4], [0,1,2], [0,2,4] ]
},
"upg_spear.png":
{
	"frame": {"x":101,"y":118,"w":107,"h":124},
	"rotated": false,
	"trimmed": true,
	"spriteSourceSize": {"x":0,"y":4,"w":107,"h":124},
	"sourceSize": {"w":128,"h":128},
	"pivot": {"x":0.5,"y":0.5},
	"vertices": [ [87,128], [82,128], [82,123], [87,123], [82,17], [82,27], [54,26], [94,66], [107,68], [107,123], [24,48], [0,50], [0,19], [21,30], [17,4], [68,117], [50,117], [49,110], [10,83], [7,83], [7,79], [10,79], [85,47], [75,37], [85,37] ],
	"verticesUV": [ [188,242], [183,242], [183,237], [188,237], [183,131], [183,141], [155,140], [195,180], [208,182], [208,237], [125,162], [101,164], [101,133], [122,144], [118,118], [169,231], [151,231], [150,224], [111,197], [108,197], [108,193], [111,193], [186,161], [176,151], [186,151] ],
	"triangles": [ [1,2,3], [0,1,3], [11,12,13], [10,11,13], [10,6,7], [6,10,13], [7,8,9], [10,7,9], [6,13,14], [4,5,6], [4,6,14], [15,16,17], [19,20,21], [18,19,21], [22,23,24] ]
},
"upg_sword.png":
{
	"frame": {"x":388,"y":338,"w":101,"h":100},
	"rotated": false,
	"trimmed": true,
	"spriteSourceSize": {"x":8,"y":19,"w":101,"h":100},
	"sourceSize": {"w":128,"h":128},
	"pivot": {"x":0.5,"y":0.5},
	"vertices": [ [109,66], [109,119], [51,96], [51,84], [8,19], [50,19] ],
	"verticesUV": [ [489,385], [489,438], [431,415], [431,403], [388,338], [430,338] ],
	"triangles": [ [3,4,5], [0,1,2], [0,2,3], [0,3,5] ]
},
"upg_wand.png":
{
	"frame": {"x":108,"y":259,"w":117,"h":120},
	"rotated": false,
	"trimmed": true,
	"spriteSourceSize": {"x":0,"y":3,"w":117,"h":120},
	"sourceSize": {"w":128,"h":128},
	"pivot": {"x":0.5,"y":0.5},
	"vertices": [ [91,123], [71,123], [91,113], [62,110], [49,103], [62,103], [88,16], [117,68], [104,101], [29,92], [38,52], [13,33], [0,46], [0,13], [62,3], [13,76], [10,76], [10,73], [13,73] ],
	"verticesUV": [ [199,379], [179,379], [199,369], [170,366], [157,359], [170,359], [196,272], [225,324], [212,357], [137,348], [146,308], [121,289], [108,302], [108,269], [170,259], [121,332], [118,332], [118,329], [121,329] ],
	"triangles": [ [0,1,2], [3,4,5], [11,12,13], [11,13,14], [10,11,14], [7,8,10], [8,9,10], [6,7,10], [6,10,14], [16,17,18], [15,16,18] ]
},
"wand.png":
{
	"frame": {"x":1,"y":336,"w":118,"h":120},
	"rotated": false,
	"trimmed": true,
	"spriteSourceSize": {"x":0,"y":3,"w":118,"h":120},
	"sourceSize": {"w":128,"h":128},
	"pivot": {"x":0.5,"y":0.5},
	"vertices": [ [91,123], [71,123], [91,113], [62,110], [49,103], [62,103], [88,16], [88,33], [118,65], [104,101], [28,91], [45,61], [15,33], [0,46], [0,13], [63,3], [13,76], [10,76], [10,73], [13,73] ],
	"verticesUV": [ [92,456], [72,456], [92,446], [63,443], [50,436], [63,436], [89,349], [89,366], [119,398], [105,434], [29,424], [46,394], [16,366], [1,379], [1,346], [64,336], [14,409], [11,409], [11,406], [14,406] ],
	"triangles": [ [0,1,2], [3,4,5], [12,13,14], [12,14,15], [11,12,15], [9,10,11], [11,7,8], [11,8,9], [7,11,15], [6,7,15], [17,18,19], [16,17,19] ]
},
"x.png":
{
	"frame": {"x":592,"y":166,"w":68,"h":71},
	"rotated": false,
	"trimmed": true,
	"spriteSourceSize": {"x":29,"y":27,"w":68,"h":71},
	"sourceSize": {"w":128,"h":128},
	"pivot": {"x":0.5,"y":0.5},
	"vertices": [ [95,97], [43,98], [29,42], [66,27], [97,27] ],
	"verticesUV": [ [658,236], [606,237], [592,181], [629,166], [660,166] ],
	"triangles": [ [0,3,4], [1,2,3], [0,1,3] ]
}},
"meta": {
	"app": "http://www.codeandweb.com/texturepacker",
	"version": "1.0",
	"image": "weapons128.png",
	"format": "RGBA8888",
	"size": {"w":1024,"h":512},
	"scale": "1",
	"smartupdate": "$TexturePacker:SmartUpdate:b051a62c1dfb875a52a9fecce0af4f02:31c1841ac42a9b35ed65d83046b6e440:ab89af988c136aa396b505e3caa4bc67$"
}
}
