{"frames": {

"armor.png":
{
	"frame": {"x":51,"y":64,"w":60,"h":50},
	"rotated": false,
	"trimmed": true,
	"spriteSourceSize": {"x":0,"y":13,"w":60,"h":50},
	"sourceSize": {"w":64,"h":64},
	"pivot": {"x":0.5,"y":0.5},
	"vertices": [ [46,56], [20,63], [6,59], [6,52], [17,52], [17,13], [46,13], [60,30], [56,30], [56,27], [60,27], [5,27], [0,27], [0,24], [5,24] ],
	"verticesUV": [ [97,107], [71,114], [57,110], [57,103], [68,103], [68,64], [97,64], [111,81], [107,81], [107,78], [111,78], [56,78], [51,78], [51,75], [56,75] ],
	"triangles": [ [4,5,6], [2,3,4], [1,2,4], [0,4,6], [0,1,4], [8,9,10], [7,8,10], [12,13,14], [11,12,14] ]
},
"axe.png":
{
	"frame": {"x":176,"y":1,"w":58,"h":64},
	"rotated": false,
	"trimmed": true,
	"spriteSourceSize": {"x":0,"y":0,"w":58,"h":64},
	"sourceSize": {"w":64,"h":64},
	"pivot": {"x":0.5,"y":0.5},
	"vertices": [ [58,64], [25,64], [0,12], [21,1], [24,0], [58,0] ],
	"verticesUV": [ [234,65], [201,65], [176,13], [197,2], [200,1], [234,1] ],
	"triangles": [ [1,4,5], [1,3,4], [1,2,3], [0,1,5] ]
},
"axe2.png":
{
	"frame": {"x":122,"y":1,"w":61,"h":61},
	"rotated": false,
	"trimmed": true,
	"spriteSourceSize": {"x":1,"y":3,"w":61,"h":61},
	"sourceSize": {"w":64,"h":64},
	"pivot": {"x":0.5,"y":0.5},
	"vertices": [ [46,11], [59,64], [38,64], [1,29], [2,9], [25,3], [62,37], [58,37], [58,34], [62,34] ],
	"verticesUV": [ [167,9], [180,62], [159,62], [122,27], [123,7], [146,1], [183,35], [179,35], [179,32], [183,32] ],
	"triangles": [ [3,4,5], [0,2,3], [0,1,2], [0,3,5], [7,8,9], [6,7,9] ]
},
"axeDouble.png":
{
	"frame": {"x":345,"y":58,"w":57,"h":57},
	"rotated": false,
	"trimmed": true,
	"spriteSourceSize": {"x":3,"y":0,"w":57,"h":57},
	"sourceSize": {"w":64,"h":64},
	"pivot": {"x":0.5,"y":0.5},
	"vertices": [ [54,13], [60,57], [23,56], [3,34], [5,10], [27,0] ],
	"verticesUV": [ [396,71], [402,115], [365,114], [345,92], [347,68], [369,58] ],
	"triangles": [ [3,4,5], [0,3,5], [0,1,2], [0,2,3] ]
},
"axeDouble2.png":
{
	"frame": {"x":456,"y":57,"w":54,"h":57},
	"rotated": false,
	"trimmed": true,
	"spriteSourceSize": {"x":3,"y":2,"w":54,"h":57},
	"sourceSize": {"w":64,"h":64},
	"pivot": {"x":0.5,"y":0.5},
	"vertices": [ [57,14], [57,59], [3,46], [3,9], [29,2] ],
	"verticesUV": [ [510,69], [510,114], [456,101], [456,64], [482,57] ],
	"triangles": [ [2,3,4], [0,1,2], [0,2,4] ]
},
"backpack.png":
{
	"frame": {"x":44,"y":194,"w":38,"h":43},
	"rotated": false,
	"trimmed": true,
	"spriteSourceSize": {"x":13,"y":10,"w":38,"h":43},
	"sourceSize": {"w":64,"h":64},
	"pivot": {"x":0.5,"y":0.5},
	"vertices": [ [51,53], [13,53], [13,10], [51,10] ],
	"verticesUV": [ [82,237], [44,237], [44,194], [82,194] ],
	"triangles": [ [1,2,3], [0,1,3] ]
},
"bow.png":
{
	"frame": {"x":202,"y":65,"w":44,"h":60},
	"rotated": false,
	"trimmed": true,
	"spriteSourceSize": {"x":9,"y":3,"w":44,"h":60},
	"sourceSize": {"w":64,"h":64},
	"pivot": {"x":0.5,"y":0.5},
	"vertices": [ [53,48], [14,63], [9,12], [49,3] ],
	"verticesUV": [ [246,110], [207,125], [202,74], [242,65] ],
	"triangles": [ [0,2,3], [0,1,2] ]
},
"coin.png":
{
	"frame": {"x":1,"y":163,"w":45,"h":48},
	"rotated": false,
	"trimmed": true,
	"spriteSourceSize": {"x":16,"y":16,"w":45,"h":48},
	"sourceSize": {"w":64,"h":64},
	"pivot": {"x":0.5,"y":0.5},
	"vertices": [ [61,31], [50,64], [16,30], [30,16] ],
	"verticesUV": [ [46,178], [35,211], [1,177], [15,163] ],
	"triangles": [ [0,1,2], [0,2,3] ]
},
"dagger.png":
{
	"frame": {"x":192,"y":192,"w":28,"h":39},
	"rotated": false,
	"trimmed": true,
	"spriteSourceSize": {"x":17,"y":16,"w":28,"h":39},
	"sourceSize": {"w":64,"h":64},
	"pivot": {"x":0.5,"y":0.5},
	"vertices": [ [45,28], [45,55], [17,48], [18,16] ],
	"verticesUV": [ [220,204], [220,231], [192,224], [193,192] ],
	"triangles": [ [0,1,2], [0,2,3] ]
},
"envelope.png":
{
	"frame": {"x":237,"y":104,"w":51,"h":48},
	"rotated": false,
	"trimmed": true,
	"spriteSourceSize": {"x":5,"y":10,"w":51,"h":48},
	"sourceSize": {"w":64,"h":64},
	"pivot": {"x":0.5,"y":0.5},
	"vertices": [ [56,33], [39,58], [5,31], [23,10] ],
	"verticesUV": [ [288,127], [271,152], [237,125], [255,104] ],
	"triangles": [ [1,2,3], [0,1,3] ]
},
"gemBlue.png":
{
	"frame": {"x":389,"y":118,"w":25,"h":23},
	"rotated": false,
	"trimmed": true,
	"spriteSourceSize": {"x":19,"y":21,"w":25,"h":23},
	"sourceSize": {"w":64,"h":64},
	"pivot": {"x":0.5,"y":0.5},
	"vertices": [ [44,44], [19,44], [19,21], [44,21] ],
	"verticesUV": [ [414,141], [389,141], [389,118], [414,118] ],
	"triangles": [ [1,2,3], [0,1,3] ]
},
"gemGreen.png":
{
	"frame": {"x":57,"y":123,"w":25,"h":23},
	"rotated": false,
	"trimmed": true,
	"spriteSourceSize": {"x":19,"y":21,"w":25,"h":23},
	"sourceSize": {"w":64,"h":64},
	"pivot": {"x":0.5,"y":0.5},
	"vertices": [ [44,44], [19,44], [19,21], [44,21] ],
	"verticesUV": [ [82,146], [57,146], [57,123], [82,123] ],
	"triangles": [ [1,2,3], [0,1,3] ]
},
"gemRed.png":
{
	"frame": {"x":326,"y":119,"w":25,"h":23},
	"rotated": false,
	"trimmed": true,
	"spriteSourceSize": {"x":19,"y":21,"w":25,"h":23},
	"sourceSize": {"w":64,"h":64},
	"pivot": {"x":0.5,"y":0.5},
	"vertices": [ [44,44], [19,44], [19,21], [44,21] ],
	"verticesUV": [ [351,142], [326,142], [326,119], [351,119] ],
	"triangles": [ [1,2,3], [0,1,3] ]
},
"hammer.png":
{
	"frame": {"x":350,"y":1,"w":58,"h":59},
	"rotated": false,
	"trimmed": true,
	"spriteSourceSize": {"x":4,"y":2,"w":58,"h":59},
	"sourceSize": {"w":64,"h":64},
	"pivot": {"x":0.5,"y":0.5},
	"vertices": [ [62,52], [45,61], [13,33], [4,12], [21,2], [51,2], [28,55], [24,55], [24,52], [28,52] ],
	"verticesUV": [ [408,51], [391,60], [359,32], [350,11], [367,1], [397,1], [374,54], [370,54], [370,51], [374,51] ],
	"triangles": [ [2,4,5], [2,3,4], [0,2,5], [0,1,2], [7,8,9], [6,7,9] ]
},
"heart.png":
{
	"frame": {"x":353,"y":117,"w":34,"h":32},
	"rotated": false,
	"trimmed": true,
	"spriteSourceSize": {"x":15,"y":17,"w":34,"h":32},
	"sourceSize": {"w":64,"h":64},
	"pivot": {"x":0.5,"y":0.5},
	"vertices": [ [49,49], [15,49], [15,17], [49,17] ],
	"verticesUV": [ [387,149], [353,149], [353,117], [387,117] ],
	"triangles": [ [1,2,3], [0,1,3] ]
},
"helmet.png":
{
	"frame": {"x":159,"y":174,"w":32,"h":39},
	"rotated": false,
	"trimmed": true,
	"spriteSourceSize": {"x":16,"y":12,"w":32,"h":39},
	"sourceSize": {"w":64,"h":64},
	"pivot": {"x":0.5,"y":0.5},
	"vertices": [ [48,51], [16,51], [16,12], [48,12] ],
	"verticesUV": [ [191,213], [159,213], [159,174], [191,174] ],
	"triangles": [ [1,2,3], [0,1,3] ]
},
"map.png":
{
	"frame": {"x":82,"y":97,"w":46,"h":51},
	"rotated": false,
	"trimmed": true,
	"spriteSourceSize": {"x":10,"y":4,"w":46,"h":51},
	"sourceSize": {"w":64,"h":64},
	"pivot": {"x":0.5,"y":0.5},
	"vertices": [ [56,55], [25,55], [10,25], [41,4] ],
	"verticesUV": [ [128,148], [97,148], [82,118], [113,97] ],
	"triangles": [ [1,2,3], [0,1,3] ]
},
"potionBlue.png":
{
	"frame": {"x":147,"y":123,"w":47,"h":47},
	"rotated": false,
	"trimmed": true,
	"spriteSourceSize": {"x":11,"y":7,"w":47,"h":47},
	"sourceSize": {"w":64,"h":64},
	"pivot": {"x":0.5,"y":0.5},
	"vertices": [ [58,44], [34,54], [11,23], [27,7] ],
	"verticesUV": [ [194,160], [170,170], [147,139], [163,123] ],
	"triangles": [ [1,2,3], [0,1,3] ]
},
"potionGreen.png":
{
	"frame": {"x":174,"y":113,"w":47,"h":47},
	"rotated": false,
	"trimmed": true,
	"spriteSourceSize": {"x":11,"y":7,"w":47,"h":47},
	"sourceSize": {"w":64,"h":64},
	"pivot": {"x":0.5,"y":0.5},
	"vertices": [ [58,44], [34,54], [11,23], [27,7] ],
	"verticesUV": [ [221,150], [197,160], [174,129], [190,113] ],
	"triangles": [ [1,2,3], [0,1,3] ]
},
"potionRed.png":
{
	"frame": {"x":213,"y":119,"w":47,"h":47},
	"rotated": false,
	"trimmed": true,
	"spriteSourceSize": {"x":11,"y":7,"w":47,"h":47},
	"sourceSize": {"w":64,"h":64},
	"pivot": {"x":0.5,"y":0.5},
	"vertices": [ [58,44], [34,54], [11,23], [27,7] ],
	"verticesUV": [ [260,156], [236,166], [213,135], [229,119] ],
	"triangles": [ [1,2,3], [0,1,3] ]
},
"scroll.png":
{
	"frame": {"x":158,"y":215,"w":30,"h":31},
	"rotated": false,
	"trimmed": true,
	"spriteSourceSize": {"x":18,"y":16,"w":30,"h":31},
	"sourceSize": {"w":64,"h":64},
	"pivot": {"x":0.5,"y":0.5},
	"vertices": [ [48,47], [18,47], [18,16], [48,16] ],
	"verticesUV": [ [188,246], [158,246], [158,215], [188,215] ],
	"triangles": [ [1,2,3], [0,1,3] ]
},
"shield.png":
{
	"frame": {"x":110,"y":72,"w":46,"h":54},
	"rotated": false,
	"trimmed": true,
	"spriteSourceSize": {"x":7,"y":7,"w":46,"h":54},
	"sourceSize": {"w":64,"h":64},
	"pivot": {"x":0.5,"y":0.5},
	"vertices": [ [53,33], [49,61], [23,52], [7,21], [15,7], [41,7] ],
	"verticesUV": [ [156,98], [152,126], [126,117], [110,86], [118,72], [144,72] ],
	"triangles": [ [3,4,5], [0,3,5], [0,1,2], [0,2,3] ]
},
"shieldSmall.png":
{
	"frame": {"x":190,"y":155,"w":45,"h":47},
	"rotated": false,
	"trimmed": true,
	"spriteSourceSize": {"x":9,"y":10,"w":45,"h":47},
	"sourceSize": {"w":64,"h":64},
	"pivot": {"x":0.5,"y":0.5},
	"vertices": [ [54,40], [41,57], [18,47], [9,20], [43,10] ],
	"verticesUV": [ [235,185], [222,202], [199,192], [190,165], [224,155] ],
	"triangles": [ [2,3,4], [0,2,4], [0,1,2] ]
},
"sword.png":
{
	"frame": {"x":297,"y":59,"w":51,"h":56},
	"rotated": false,
	"trimmed": true,
	"spriteSourceSize": {"x":9,"y":7,"w":51,"h":56},
	"sourceSize": {"w":64,"h":64},
	"pivot": {"x":0.5,"y":0.5},
	"vertices": [ [48,14], [60,63], [9,45], [11,7] ],
	"verticesUV": [ [336,66], [348,115], [297,97], [299,59] ],
	"triangles": [ [0,1,2], [0,2,3] ]
},
"swordWood.png":
{
	"frame": {"x":456,"y":107,"w":45,"h":42},
	"rotated": false,
	"trimmed": true,
	"spriteSourceSize": {"x":10,"y":11,"w":45,"h":42},
	"sourceSize": {"w":64,"h":64},
	"pivot": {"x":0.5,"y":0.5},
	"vertices": [ [46,16], [55,53], [14,48], [10,11] ],
	"verticesUV": [ [492,112], [501,149], [460,144], [456,107] ],
	"triangles": [ [0,1,2], [0,2,3] ]
},
"tome.png":
{
	"frame": {"x":97,"y":151,"w":41,"h":48},
	"rotated": false,
	"trimmed": true,
	"spriteSourceSize": {"x":10,"y":9,"w":41,"h":48},
	"sourceSize": {"w":64,"h":64},
	"pivot": {"x":0.5,"y":0.5},
	"vertices": [ [51,57], [10,57], [10,9], [51,9] ],
	"verticesUV": [ [138,199], [97,199], [97,151], [138,151] ],
	"triangles": [ [1,2,3], [0,1,3] ]
},
"tools.png":
{
	"frame": {"x":49,"y":148,"w":46,"h":44},
	"rotated": false,
	"trimmed": true,
	"spriteSourceSize": {"x":9,"y":10,"w":46,"h":44},
	"sourceSize": {"w":64,"h":64},
	"pivot": {"x":0.5,"y":0.5},
	"vertices": [ [55,54], [9,54], [9,10], [55,10] ],
	"verticesUV": [ [95,192], [49,192], [49,148], [95,148] ],
	"triangles": [ [1,2,3], [0,1,3] ]
},
"upg_armor.png":
{
	"frame": {"x":1,"y":68,"w":63,"h":51},
	"rotated": false,
	"trimmed": true,
	"spriteSourceSize": {"x":0,"y":11,"w":63,"h":51},
	"sourceSize": {"w":64,"h":64},
	"pivot": {"x":0.5,"y":0.5},
	"vertices": [ [48,62], [4,62], [4,55], [13,56], [16,11], [48,11], [63,30], [59,30], [59,26], [63,26], [2,26], [0,26], [0,23], [2,23] ],
	"verticesUV": [ [49,119], [5,119], [5,112], [14,113], [17,68], [49,68], [64,87], [60,87], [60,83], [64,83], [3,83], [1,83], [1,80], [3,80] ],
	"triangles": [ [3,4,5], [1,2,3], [0,1,3], [5,0,3], [7,8,9], [6,7,9], [11,12,13], [10,11,13] ]
},
"upg_axe.png":
{
	"frame": {"x":56,"y":1,"w":63,"h":62},
	"rotated": false,
	"trimmed": true,
	"spriteSourceSize": {"x":0,"y":2,"w":63,"h":62},
	"sourceSize": {"w":64,"h":64},
	"pivot": {"x":0.5,"y":0.5},
	"vertices": [ [63,19], [63,61], [46,64], [7,38], [0,21], [18,2] ],
	"verticesUV": [ [119,18], [119,60], [102,63], [63,37], [56,20], [74,1] ],
	"triangles": [ [3,4,5], [0,2,3], [0,1,2], [0,3,5] ]
},
"upg_axeDouble.png":
{
	"frame": {"x":408,"y":2,"w":59,"h":57},
	"rotated": false,
	"trimmed": true,
	"spriteSourceSize": {"x":0,"y":1,"w":59,"h":57},
	"sourceSize": {"w":64,"h":64},
	"pivot": {"x":0.5,"y":0.5},
	"vertices": [ [59,28], [59,58], [36,58], [2,41], [0,7], [36,1] ],
	"verticesUV": [ [467,29], [467,59], [444,59], [410,42], [408,8], [444,2] ],
	"triangles": [ [3,4,5], [2,3,5], [0,1,2], [0,2,5] ]
},
"upg_bow.png":
{
	"frame": {"x":156,"y":61,"w":44,"h":60},
	"rotated": false,
	"trimmed": true,
	"spriteSourceSize": {"x":9,"y":3,"w":44,"h":60},
	"sourceSize": {"w":64,"h":64},
	"pivot": {"x":0.5,"y":0.5},
	"vertices": [ [53,48], [14,63], [9,12], [49,3] ],
	"verticesUV": [ [200,106], [161,121], [156,70], [196,61] ],
	"triangles": [ [0,2,3], [0,1,2] ]
},
"upg_dagger.png":
{
	"frame": {"x":1,"y":195,"w":31,"h":43},
	"rotated": false,
	"trimmed": true,
	"spriteSourceSize": {"x":18,"y":16,"w":31,"h":43},
	"sourceSize": {"w":64,"h":64},
	"pivot": {"x":0.5,"y":0.5},
	"vertices": [ [45,28], [49,59], [18,46], [18,16] ],
	"verticesUV": [ [28,207], [32,238], [1,225], [1,195] ],
	"triangles": [ [0,1,2], [0,2,3] ]
},
"upg_hammer.png":
{
	"frame": {"x":396,"y":61,"w":58,"h":56},
	"rotated": false,
	"trimmed": true,
	"spriteSourceSize": {"x":0,"y":1,"w":58,"h":56},
	"sourceSize": {"w":64,"h":64},
	"pivot": {"x":0.5,"y":0.5},
	"vertices": [ [58,57], [44,57], [11,32], [0,1], [58,1], [28,55], [24,55], [24,52], [28,52] ],
	"verticesUV": [ [454,117], [440,117], [407,92], [396,61], [454,61], [424,115], [420,115], [420,112], [424,112] ],
	"triangles": [ [2,3,4], [1,2,4], [0,1,4], [6,7,8], [5,6,8] ]
},
"upg_helmet.png":
{
	"frame": {"x":84,"y":201,"w":32,"h":43},
	"rotated": false,
	"trimmed": true,
	"spriteSourceSize": {"x":16,"y":8,"w":32,"h":43},
	"sourceSize": {"w":64,"h":64},
	"pivot": {"x":0.5,"y":0.5},
	"vertices": [ [48,51], [16,51], [16,8], [48,8] ],
	"verticesUV": [ [116,244], [84,244], [84,201], [116,201] ],
	"triangles": [ [1,2,3], [0,1,3] ]
},
"upg_shield.png":
{
	"frame": {"x":462,"y":1,"w":48,"h":56},
	"rotated": false,
	"trimmed": true,
	"spriteSourceSize": {"x":6,"y":5,"w":48,"h":56},
	"sourceSize": {"w":64,"h":64},
	"pivot": {"x":0.5,"y":0.5},
	"vertices": [ [54,37], [45,61], [20,50], [6,16], [41,5] ],
	"verticesUV": [ [510,33], [501,57], [476,46], [462,12], [497,1] ],
	"triangles": [ [2,3,4], [0,1,2], [0,2,4] ]
},
"upg_shieldSmall.png":
{
	"frame": {"x":1,"y":121,"w":51,"h":45},
	"rotated": false,
	"trimmed": true,
	"spriteSourceSize": {"x":7,"y":6,"w":51,"h":45},
	"sourceSize": {"w":64,"h":64},
	"pivot": {"x":0.5,"y":0.5},
	"vertices": [ [58,20], [41,51], [17,45], [7,18], [38,6] ],
	"verticesUV": [ [52,135], [35,166], [11,160], [1,133], [32,121] ],
	"triangles": [ [2,3,4], [1,2,4], [0,1,4] ]
},
"upg_spear.png":
{
	"frame": {"x":1,"y":2,"w":63,"h":63},
	"rotated": false,
	"trimmed": true,
	"spriteSourceSize": {"x":0,"y":1,"w":63,"h":63},
	"sourceSize": {"w":64,"h":64},
	"pivot": {"x":0.5,"y":0.5},
	"vertices": [ [44,64], [40,64], [40,61], [44,61], [32,59], [25,59], [25,52], [42,8], [63,44], [49,58], [0,23], [0,1] ],
	"verticesUV": [ [45,65], [41,65], [41,62], [45,62], [33,60], [26,60], [26,53], [43,9], [64,45], [50,59], [1,24], [1,2] ],
	"triangles": [ [1,2,3], [0,1,3], [4,5,6], [7,8,9], [7,9,10], [7,10,11] ]
},
"upg_sword.png":
{
	"frame": {"x":248,"y":61,"w":51,"h":56},
	"rotated": false,
	"trimmed": true,
	"spriteSourceSize": {"x":9,"y":7,"w":51,"h":56},
	"sourceSize": {"w":64,"h":64},
	"pivot": {"x":0.5,"y":0.5},
	"vertices": [ [48,14], [60,63], [9,45], [11,7] ],
	"verticesUV": [ [287,68], [299,117], [248,99], [250,61] ],
	"triangles": [ [0,1,2], [0,2,3] ]
},
"upg_wand.png":
{
	"frame": {"x":295,"y":2,"w":58,"h":62},
	"rotated": false,
	"trimmed": true,
	"spriteSourceSize": {"x":0,"y":1,"w":58,"h":62},
	"sourceSize": {"w":64,"h":64},
	"pivot": {"x":0.5,"y":0.5},
	"vertices": [ [55,13], [58,62], [37,63], [0,35], [0,8], [31,1] ],
	"verticesUV": [ [350,14], [353,63], [332,64], [295,36], [295,9], [326,2] ],
	"triangles": [ [3,4,5], [0,2,3], [0,1,2], [0,3,5] ]
},
"wand.png":
{
	"frame": {"x":236,"y":2,"w":58,"h":62},
	"rotated": false,
	"trimmed": true,
	"spriteSourceSize": {"x":0,"y":1,"w":58,"h":62},
	"sourceSize": {"w":64,"h":64},
	"pivot": {"x":0.5,"y":0.5},
	"vertices": [ [55,13], [58,62], [37,63], [0,35], [0,8], [31,1] ],
	"verticesUV": [ [291,14], [294,63], [273,64], [236,36], [236,9], [267,2] ],
	"triangles": [ [3,4,5], [0,2,3], [0,1,2], [0,3,5] ]
},
"x.png":
{
	"frame": {"x":118,"y":201,"w":37,"h":35},
	"rotated": false,
	"trimmed": true,
	"spriteSourceSize": {"x":12,"y":14,"w":37,"h":35},
	"sourceSize": {"w":64,"h":64},
	"pivot": {"x":0.5,"y":0.5},
	"vertices": [ [49,15], [49,49], [21,49], [12,14] ],
	"verticesUV": [ [155,202], [155,236], [127,236], [118,201] ],
	"triangles": [ [0,1,2], [0,2,3] ]
}},
"meta": {
	"app": "http://www.codeandweb.com/texturepacker",
	"version": "1.0",
	"image": "weapons.png",
	"format": "RGBA8888",
	"size": {"w":512,"h":256},
	"scale": "1",
	"smartupdate": "$TexturePacker:SmartUpdate:9cf3c12c344d4e59ea3fde02f067eb07:efe54afb8c06937d92277042faa5617e:ba48453f8b2235fdb166a51105f49255$"
}
}
